0.026327,0.952,0.04,0.02067
0.02857,0.952,0.04,0.026815
0.0289,0.952,0.04,0.027323
0.02948,0.952,0.04,0.027703
0.030159,0.952,0.04,0.028098
0.030776,0.952,0.04,0.028544
0.031287,0.952,0.04,0.029064
0.031718,0.952,0.04,0.029739
0.032225,0.952,0.04,0.030465
0.03279,0.952,0.04,0.031268
0.033472,0.952,0.04,0.032064
0.040815,0.952,0.04,0.04094
0.041467,0.952,0.04,0.041883
0.042189,0.952,0.04,0.043036
0.043116,0.952,0.04,0.044291
0.044219,0.952,0.04,0.045601
0.045125,0.952,0.04,0.047219
0.045639,0.952,0.04,0.048948
0.045925,0.952,0.04,0.050869
0.046243,0.952,0.04,0.052828
0.046689,0.952,0.04,0.054745
0.052355,0.952,0.04,0.072911
0.052147,0.952,0.04,0.071856
0.051535,0.952,0.04,0.069052
0.051235,0.952,0.04,0.066329
0.051263,0.952,0.04,0.063963
0.051624,0.952,0.04,0.062664
0.052206,0.952,0.04,0.062206
0.053066,0.952,0.04,0.062078
0.054046,0.952,0.04,0.061889
0.055,0.964,0.28,0.06151
0.064619,0.964,0.28,0.056678
0.065557,0.964,0.28,0.056336
0.066481,0.964,0.28,0.056255
0.066915,0.964,0.28,0.056611
0.066449,0.964,0.28,0.057213
0.065407,0.964,0.28,0.057889
0.064112,0.964,0.28,0.058612
0.062828,0.964,0.28,0.059552
0.06173,0.964,0.28,0.060927
0.060957,0.964,0.28,0.062351
0.058196,0.964,0.28,0.078464
0.061017,0.964,0.28,0.079396
0.063436,0.964,0.28,0.080032
0.065169,0.964,0.28,0.08039
0.06605,0.964,0.28,0.080934
0.066538,0.964,0.28,0.081933
0.067289,0.964,0.28,0.083541
0.068369,0.964,0.28,0.085333
0.069811,0.964,0.28,0.087423
0.071275,0.964,0.28,0.089922
0.082806,0.964,0.28,0.119147
0.081664,0.964,0.28,0.120475
0.081041,0.964,0.28,0.124111
0.081243,0.964,0.28,0.122728
0.081984,0.964,0.28,0.121323
0.083038,0.964,0.28,0.120927
0.084299,0.964,0.28,0.121967
0.085547,0.964,0.28,0.123701
0.086757,0.964,0.28,0.127128
0.087759,0.964,0.28,0.13123
0.096715,0.964,0.28,0.157307
0.097938,0.964,0.28,0.166139
0.09984,0.964,0.28,0.17016
0.101775,0.964,0.28,0.171956
0.103048,0.964,0.28,0.171207
0.104262,0.964,0.28,0.171152
0.105209,0.964,0.28,0.170882
0.105365,0.964,0.28,0.170594
0.105137,0.964,0.28,0.170693
0.104668,0.964,0.28,0.170748
0.100398,0.964,0.28,0.178686
0.102394,0.964,0.28,0.17928
0.106474,0.964,0.28,0.178881
0.112253,0.964,0.28,0.177921
0.118892,0.964,0.28,0.176732
0.124783,0.964,0.28,0.176575
0.128361,0.964,0.28,0.17648
0.129399,0.964,0.28,0.176876
0.128685,0.964,0.28,0.176977
0.12747,0.964,0.28,0.176785
0.114277,0.964,0.28,0.178251
0.112399,0.964,0.28,0.179779
0.110475,0.964,0.28,0.180873
0.109882,0.964,0.28,0.182428
0.111784,0.964,0.28,0.183474
0.115615,0.964,0.28,0.184039
0.119355,0.964,0.28,0.184603
0.122257,0.964,0.28,0.184791
0.123403,0.964,0.28,0.184717
0.123288,1.02,0.87,0.184706
0.117746,1.02,0.87,0.188322
0.118154,1.02,0.87,0.188709
0.121361,1.02,0.87,0.190359
0.125763,1.02,0.87,0.192059
0.132634,1.02,0.87,0.193145
0.140675,1.02,0.87,0.193623
0.146361,1.02,0.87,0.193518
0.152461,1.02,0.87,0.192829
0.156813,1.02,0.87,0.19455
0.165068,1.02,0.87,0.196417
0.273507,1.02,0.87,0.219903
0.279877,1.02,0.87,0.220124
0.279091,1.02,0.87,0.220153
0.279427,1.02,0.87,0.222502
0.273795,1.02,0.87,0.224889
0.267783,1.02,0.87,0.227281
0.264018,1.02,0.87,0.229532
0.256583,1.02,0.87,0.231227
0.252538,1.02,0.87,0.231738
0.253103,1.02,0.87,0.228792
0.276969,1.02,0.87,0.194934
0.269668,1.02,0.87,0.208099
0.267376,1.02,0.87,0.207629
0.270334,1.02,0.87,0.21074
0.274589,1.02,0.87,0.209114
0.278394,1.02,0.87,0.202624
0.275516,1.02,0.87,0.198549
0.275566,1.02,0.87,0.193198
0.275833,1.02,0.87,0.196275
0.277403,1.02,0.87,0.192933
0.212393,1.02,0.87,0.139382
0.196357,1.02,0.87,0.141741
0.188162,1.02,0.87,0.145068
0.18812,1.02,0.87,0.148517
0.193929,1.02,0.87,0.163629
0.203341,1.02,0.87,0.174003
0.21939,1.02,0.87,0.196809
0.233604,1.02,0.87,0.218997
0.245668,1.02,0.87,0.234942
0.254583,1.02,0.87,0.251619
0.336959,1.02,0.87,0.417685
0.338245,1.02,0.87,0.424234
0.340545,1.02,0.87,0.38396
0.340669,1.02,0.87,0.383253
0.331294,1.02,0.87,0.36344
0.325204,1.02,0.87,0.350431
0.32506,1.02,0.87,0.329556
0.327805,1.02,0.87,0.327328
0.330569,1.02,0.87,0.331469
0.333927,1.02,0.87,0.33492
0.368271,1.02,0.87,0.392409
0.363087,1.02,0.87,0.390075
0.368056,1.02,0.87,0.383747
0.370684,1.02,0.87,0.381344
0.373532,1.02,0.87,0.381168
0.375862,1.02,0.87,0.380577
0.37938,1.02,0.87,0.381287
0.381605,1.02,0.87,0.382676
0.380892,1.02,0.87,0.383713
0.379392,1.052,0.85,0.384757
0.378439,1.052,0.85,0.418041
0.384851,1.052,0.85,0.429142
0.389231,1.052,0.85,0.430574
0.392004,1.052,0.85,0.428843
0.395291,1.052,0.85,0.425185
0.397626,1.052,0.85,0.421792
0.400053,1.052,0.85,0.407767
0.402375,1.052,0.85,0.404842
0.404706,1.052,0.85,0.405155
0.405597,1.052,0.85,0.408858
0.429683,1.052,0.85,0.380529
0.433686,1.052,0.85,0.34184
0.437828,1.052,0.85,0.336811
0.439834,1.052,0.85,0.341149
0.443573,1.052,0.85,0.367136
0.446258,1.052,0.85,0.36996
0.44803,1.052,0.85,0.369655
0.451808,1.052,0.85,0.370955
0.455778,1.052,0.85,0.365708
0.459593,1.052,0.85,0.360804
0.475384,1.052,0.85,0.38327
0.473903,1.052,0.85,0.380776
0.502996,1.052,0.85,0.367794
0.505015,1.052,0.85,0.362643
0.469305,1.052,0.85,0.352581
0.446884,1.052,0.85,0.346838
0.426338,1.052,0.85,0.340449
0.411624,1.052,0.85,0.354457
0.409599,1.052,0.85,0.357546
0.411225,1.052,0.85,0.372522
0.466022,1.052,0.85,0.589416
0.492065,1.052,0.85,0.526616
0.507105,1.052,0.85,0.517797
0.510825,1.052,0.85,0.536971
0.511105,1.052,0.85,0.550462
0.506177,1.052,0.85,0.549042
0.503594,1.052,0.85,0.547079
0.504137,1.052,0.85,0.539921
0.508233,1.052,0.85,0.534325
0.509711,1.052,0.85,0.50863
0.513631,1.052,0.85,0.248195
0.520724,1.052,0.85,0.236667
0.523691,1.052,0.85,0.233646
0.536037,1.052,0.85,0.23798
0.5493,1.052,0.85,0.244271
0.536354,1.052,0.85,0.253275
0.545113,1.052,0.85,0.270498
0.541714,1.052,0.85,0.281099
0.526706,1.052,0.85,0.277187
0.514827,1.052,0.85,0.27186
0.472925,1.052,0.85,0.212333
0.521759,1.052,0.85,0.210677
0.547505,1.052,0.85,0.20818
0.555951,1.052,0.85,0.202512
0.550472,1.052,0.85,0.194616
0.548908,1.052,0.85,0.188112
0.532818,1.052,0.85,0.184414
0.545299,1.052,0.85,0.18378
0.53648,1.052,0.85,0.18596
0.52176,1.084,0.83,0.190229
0.544518,1.084,0.83,0.269191
0.490645,1.084,0.83,0.27084
0.498442,1.084,0.83,0.26633
0.510039,1.084,0.83,0.261515
0.497636,1.084,0.83,0.25609
0.490455,1.084,0.83,0.250522
0.469754,1.084,0.83,0.245496
0.453773,1.084,0.83,0.240258
0.447711,1.084,0.83,0.236018
0.449682,1.084,0.83,0.233127
0.431796,1.084,0.83,0.217656
0.397527,1.084,0.83,0.218034
0.38438,1.084,0.83,0.216108
0.369007,1.084,0.83,0.212479
0.358963,1.084,0.83,0.208147
0.353032,1.084,0.83,0.203647
0.350547,1.084,0.83,0.200513
0.346571,1.084,0.83,0.199383
0.340577,1.084,0.83,0.200195
0.333268,1.084,0.83,0.202644
0.261886,1.084,0.83,0.237856
0.262775,1.084,0.83,0.241771
0.272566,1.084,0.83,0.259704
0.299963,1.084,0.83,0.280634
0.313215,1.084,0.83,0.292947
0.322017,1.084,0.83,0.300046
0.329353,1.084,0.83,0.29661
0.345833,1.084,0.83,0.293571
0.380138,1.084,0.83,0.293809
0.419534,1.084,0.83,0.295491
0.593528,1.084,0.83,0.313355
0.538257,1.084,0.83,0.325485
0.526842,1.084,0.83,0.318238
0.49797,1.084,0.83,0.32587
0.459072,1.084,0.83,0.353009
0.437312,1.084,0.83,0.381698
0.441805,1.084,0.83,0.404094
0.446644,1.084,0.83,0.417461
0.445313,1.084,0.83,0.432248
0.44017,1.084,0.83,0.434141
0.429497,1.084,0.83,0.487698
0.400364,1.084,0.83,0.452798
0.409471,1.084,0.83,0.420562
0.390988,1.084,0.83,0.411751
0.374303,1.084,0.83,0.415179
0.372751,1.084,0.83,0.435161
0.383414,1.084,0.83,0.447509
0.384551,1.084,0.83,0.465445
0.380991,1.084,0.83,0.491931
0.373193,1.084,0.83,0.511566
0.287076,1.084,0.83,0.40979
0.318215,1.084,0.83,0.384908
0.307974,1.084,0.83,0.405265
0.309427,1.084,0.83,0.443454
0.358337,1.084,0.83,0.464375
0.430603,1.084,0.83,0.485062
0.473709,1.084,0.83,0.491629
0.486424,1.084,0.83,0.489706
0.475553,1.084,0.83,0.499758
0.461194,1.136,1.9,0.51203
0.364331,1.136,1.9,0.731121
0.407437,1.136,1.9,0.687506
0.540468,1.136,1.9,0.660687
0.615765,1.136,1.9,0.60861
0.636279,1.136,1.9,0.572443
0.656894,1.136,1.9,0.547079
0.675568,1.136,1.9,0.530932
0.679606,1.136,1.9,0.518172
0.644559,1.136,1.9,0.502232
0.610456,1.136,1.9,0.486584
0.366098,1.136,1.9,0.332008
0.451927,1.136,1.9,0.329573
0.557497,1.136,1.9,0.32668
0.577727,1.136,1.9,0.322435
0.53675,1.136,1.9,0.318599
0.502246,1.136,1.9,0.316003
0.481866,1.136,1.9,0.315503
0.462135,1.136,1.9,0.317174
0.443995,1.136,1.9,0.319998
0.432652,1.136,1.9,0.323541
0.350257,1.136,1.9,0.382283
0.420811,1.136,1.9,0.397985
0.478508,1.136,1.9,0.41284
0.543685,1.136,1.9,0.421489
0.518249,1.136,1.9,0.420985
0.49838,1.136,1.9,0.416279
0.492455,1.136,1.9,0.409879
0.497524,1.136,1.9,0.40206
0.530335,1.136,1.9,0.394513
0.537925,1.136,1.9,0.387846
0.515373,1.136,1.9,0.322774
0.65081,1.136,1.9,0.321377
0.693796,1.136,1.9,0.319561
0.684912,1.136,1.9,0.317454
0.640561,1.136,1.9,0.315593
0.628083,1.136,1.9,0.314778
0.601533,1.136,1.9,0.314202
0.573995,1.136,1.9,0.312914
0.551785,1.136,1.9,0.311625
0.546414,1.136,1.9,0.310075
0.488029,1.136,1.9,0.285115
0.420921,1.136,1.9,0.276961
0.392399,1.136,1.9,0.265195
0.379418,1.136,1.9,0.253477
0.380829,1.136,1.9,0.245394
0.397417,1.136,1.9,0.240567
0.403583,1.136,1.9,0.239339
0.399159,1.136,1.9,0.241354
0.389766,1.136,1.9,0.245734
0.379644,1.136,1.9,0.249232
0.278602,1.136,1.9,0.272899
0.276013,1.136,1.9,0.273865
0.274669,1.136,1.9,0.277338
0.274115,1.136,1.9,0.281922
0.274234,1.136,1.9,0.285604
0.281116,1.136,1.9,0.288666
0.280138,1.136,1.9,0.29029
0.280899,1.136,1.9,0.289522
0.281517,1.136,1.9,0.286172
0.28246,1.168,1.95,0.281318
0.275127,1.168,1.95,0.20556
0.265481,1.168,1.95,0.19459
0.258819,1.168,1.95,0.186949
0.25449,1.168,1.95,0.18142
0.250635,1.168,1.95,0.177686
0.257361,1.168,1.95,0.176164
0.248994,1.168,1.95,0.176662
0.240646,1.168,1.95,0.178469
0.233527,1.168,1.95,0.181712
0.227006,1.168,1.95,0.185981
0.163341,1.168,1.95,0.236003
0.161022,1.168,1.95,0.247338
0.158847,1.168,1.95,0.2624
0.156454,1.168,1.95,0.277894
0.154717,1.168,1.95,0.294932
0.154583,1.168,1.95,0.310347
0.155603,1.168,1.95,0.32344
0.156873,1.168,1.95,0.335397
0.15793,1.168,1.95,0.346068
0.158963,1.168,1.95,0.354528
0.176747,1.168,1.95,0.44719
0.179324,1.168,1.95,0.46437
0.18126,1.168,1.95,0.484813
0.182429,1.168,1.95,0.502561
0.182928,1.168,1.95,0.512413
0.182365,1.168,1.95,0.517228
0.181923,1.168,1.95,0.513624
0.181854,1.168,1.95,0.504291
0.182329,1.168,1.95,0.491091
0.183172,1.168,1.95,0.477227
0.211955,1.168,1.95,0.311265
0.215338,1.168,1.95,0.304094
0.218928,1.168,1.95,0.303306
0.222817,1.168,1.95,0.305296
0.227083,1.168,1.95,0.301157
0.233253,1.168,1.95,0.293247
0.239714,1.168,1.95,0.285584
0.24559,1.168,1.95,0.279125
0.254365,1.168,1.95,0.274211
0.263415,1.168,1.95,0.271783
0.334219,1.168,1.95,0.272374
0.31779,1.168,1.95,0.282413
0.312694,1.168,1.95,0.291405
0.308164,1.168,1.95,0.29451
0.304235,1.168,1.95,0.294392
0.301312,1.168,1.95,0.293263
0.301972,1.168,1.95,0.292718
0.304466,1.168,1.95,0.293993
0.308768,1.168,1.95,0.294192
0.315277,1.168,1.95,0.293804
0.436921,1.168,1.95,0.296915
0.521103,1.168,1.95,0.303759
0.527478,1.168,1.95,0.307091
0.54739,1.168,1.95,0.305717
0.561206,1.168,1.95,0.301585
0.591783,1.168,1.95,0.29825
0.607552,1.168,1.95,0.296163
0.613075,1.168,1.95,0.29559
0.605673,1.168,1.95,0.294805
0.615301,1.232,3.06,0.292364
0.778611,1.232,3.06,0.249746
0.741917,1.232,3.06,0.246913
0.721186,1.232,3.06,0.247906
0.733339,1.232,3.06,0.254574
0.744453,1.232,3.06,0.267144
0.745389,1.232,3.06,0.302309
0.745878,1.232,3.06,0.323001
0.750229,1.232,3.06,0.329707
0.755208,1.232,3.06,0.331879
0.760625,1.232,3.06,0.333361
0.815511,1.232,3.06,0.361656
0.800775,1.232,3.06,0.37111
0.781677,1.232,3.06,0.366769
0.749607,1.232,3.06,0.360584
0.729035,1.232,3.06,0.353976
0.732352,1.232,3.06,0.347812
0.739032,1.232,3.06,0.342251
0.741835,1.232,3.06,0.336698
0.739197,1.232,3.06,0.331421
0.736642,1.232,3.06,0.326576
0.76134,1.232,3.06,0.294983
0.758323,1.232,3.06,0.305355
0.761484,1.232,3.06,0.319341
0.767046,1.232,3.06,0.368258
0.773055,1.232,3.06,0.39904
0.774307,1.232,3.06,0.436159
0.769417,1.232,3.06,0.453195
0.757507,1.232,3.06,0.450981
0.743124,1.232,3.06,0.443386
0.737516,1.232,3.06,0.434573
0.695194,1.232,3.06,0.366763
0.701317,1.232,3.06,0.368955
0.699811,1.232,3.06,0.369448
0.692876,1.232,3.06,0.369665
0.671222,1.232,3.06,0.371968
0.644871,1.232,3.06,0.376951
0.649445,1.232,3.06,0.38432
0.648636,1.232,3.06,0.39527
0.648844,1.232,3.06,0.406609
0.64058,1.232,3.06,0.417101
0.641613,1.232,3.06,0.469884
0.629437,1.232,3.06,0.453354
0.567898,1.232,3.06,0.415312
0.547259,1.232,3.06,0.38765
0.535751,1.232,3.06,0.368095
0.550014,1.232,3.06,0.35347
0.581278,1.232,3.06,0.341103
0.605204,1.232,3.06,0.329653
0.623039,1.232,3.06,0.318706
0.634675,1.232,3.06,0.30809
0.585587,1.232,3.06,0.202525
0.541321,1.232,3.06,0.196647
0.551188,1.232,3.06,0.192473
0.591854,1.232,3.06,0.189954
0.616803,1.232,3.06,0.189105
0.630444,1.232,3.06,0.189423
0.639549,1.232,3.06,0.190792
0.638792,1.232,3.06,0.193515
0.618474,1.232,3.06,0.197348
0.598345,1.26,3.32,0.20276
0.58019,1.26,3.32,0.281169
0.632025,1.26,3.32,0.304094
0.624232,1.26,3.32,0.396092
0.619739,1.26,3.32,0.491913
0.603733,1.26,3.32,0.549149
0.606572,1.26,3.32,0.570786
0.627328,1.26,3.32,0.588964
0.64589,1.26,3.32,0.599992
0.654668,1.26,3.32,0.5884
0.659544,1.26,3.32,0.583123
0.706036,1.26,3.32,0.552698
0.623441,1.26,3.32,0.50396
0.606637,1.26,3.32,0.479467
0.633737,1.26,3.32,0.477328
0.659776,1.26,3.32,0.51093
0.678325,1.26,3.32,0.563084
0.688686,1.26,3.32,0.589529
0.697457,1.26,3.32,0.584255
0.705619,1.26,3.32,0.577644
0.711552,1.26,3.32,0.567434
0.734704,1.26,3.32,0.492698
0.743867,1.26,3.32,0.560362
0.752194,1.26,3.32,0.548337
0.752296,1.26,3.32,0.542237
0.75089,1.26,3.32,0.506724
0.751118,1.26,3.32,0.481525
0.751166,1.26,3.32,0.456606
0.749677,1.26,3.32,0.43437
0.749899,1.26,3.32,0.416596
0.751564,1.26,3.32,0.400594
0.773917,1.26,3.32,0.246514
0.774771,1.26,3.32,0.226495
0.769516,1.26,3.32,0.207356
0.757495,1.26,3.32,0.193641
0.74179,1.26,3.32,0.18461
0.728984,1.26,3.32,0.179789
0.718479,1.26,3.32,0.179295
0.711024,1.26,3.32,0.183068
0.705334,1.26,3.32,0.195855
0.702623,1.26,3.32,0.203597
0.690054,1.26,3.32,0.280197
0.692537,1.26,3.32,0.274002
0.695818,1.26,3.32,0.324041
0.697872,1.26,3.32,0.331892
0.699328,1.26,3.32,0.313141
0.700471,1.26,3.32,0.298771
0.701237,1.26,3.32,0.28718
0.701799,1.26,3.32,0.27853
0.702346,1.26,3.32,0.2718
0.701296,1.26,3.32,0.268054
0.679822,1.26,3.32,0.275867
0.675641,1.26,3.32,0.280341
0.678841,1.26,3.32,0.282945
0.67878,1.26,3.32,0.286943
0.676113,1.26,3.32,0.292106
0.674558,1.26,3.32,0.293982
0.677085,1.26,3.32,0.295185
0.678452,1.26,3.32,0.294608
0.677035,1.26,3.32,0.29215
0.674578,1.288,2.21,0.289027
0.666305,1.288,2.21,0.253653
0.670578,1.288,2.21,0.249839
0.671002,1.288,2.21,0.24502
0.668913,1.288,2.21,0.239898
0.662415,1.288,2.21,0.236093
0.659076,1.288,2.21,0.234585
0.657718,1.288,2.21,0.236114
0.657573,1.288,2.21,0.2374
0.656815,1.288,2.21,0.235936
0.654353,1.288,2.21,0.233203
0.616359,1.288,2.21,0.207241
0.623916,1.288,2.21,0.205145
0.626328,1.288,2.21,0.204312
0.634882,1.288,2.21,0.205171
0.643224,1.288,2.21,0.207763
0.650115,1.288,2.21,0.212246
0.656238,1.288,2.21,0.218638
0.661644,1.288,2.21,0.225813
0.665257,1.288,2.21,0.233155
0.667079,1.288,2.21,0.240982
0.657515,1.288,2.21,0.354086
0.6404,1.288,2.21,0.530391
0.615828,1.288,2.21,0.586527
0.615055,1.288,2.21,0.5895
0.617388,1.288,2.21,0.549273
0.621485,1.288,2.21,0.540412
0.62504,1.288,2.21,0.522229
0.628316,1.288,2.21,0.506143
0.630798,1.288,2.21,0.493789
0.633108,1.288,2.21,0.48972
0.656909,1.288,2.21,0.361975
0.65149,1.288,2.21,0.351482
0.646636,1.288,2.21,0.354953
0.643669,1.288,2.21,0.34831
0.642361,1.288,2.21,0.341085
0.641794,1.288,2.21,0.335822
0.640988,1.288,2.21,0.331876
0.637597,1.288,2.21,0.329688
0.631467,1.288,2.21,0.327447
0.612428,1.288,2.21,0.325427
0.29487,1.288,2.21,0.306844
0.369032,1.288,2.21,0.310197
0.444777,1.288,2.21,0.302911
0.493561,1.288,2.21,0.295206
0.528236,1.288,2.21,0.289502
0.551349,1.288,2.21,0.285712
0.568263,1.288,2.21,0.282983
0.577817,1.288,2.21,0.281398
0.579243,1.288,2.21,0.280685
0.580591,1.288,2.21,0.280649
0.584472,1.288,2.21,0.285274
0.578727,1.288,2.21,0.288265
0.567989,1.288,2.21,0.29156
0.558595,1.288,2.21,0.294189
0.553732,1.288,2.21,0.296169
0.553533,1.288,2.21,0.296863
0.552841,1.288,2.21,0.296482
0.551898,1.288,2.21,0.295998
0.54662,1.288,2.21,0.296234
0.54254,1.292,1.5,0.297291
0.533365,1.292,1.5,0.325468
0.550139,1.292,1.5,0.339865
0.559368,1.292,1.5,0.335836
0.564535,1.292,1.5,0.33001
0.567098,1.292,1.5,0.327602
0.56408,1.292,1.5,0.322854
0.549615,1.292,1.5,0.319052
0.529054,1.292,1.5,0.316197
0.528771,1.292,1.5,0.32045
0.530813,1.292,1.5,0.319418
0.55659,1.292,1.5,0.34924
0.550826,1.292,1.5,0.342255
0.545873,1.292,1.5,0.350482
0.549401,1.292,1.5,0.376651
0.553887,1.292,1.5,0.40022
0.55312,1.292,1.5,0.409608
0.550517,1.292,1.5,0.42078
0.549678,1.292,1.5,0.434057
0.550626,1.292,1.5,0.441306
0.546804,1.292,1.5,0.43563
0.480152,1.292,1.5,0.371371
0.491842,1.292,1.5,0.375642
0.476747,1.292,1.5,0.384447
0.422369,1.292,1.5,0.440179
0.388148,1.292,1.5,0.476825
0.359605,1.292,1.5,0.504125
0.339251,1.292,1.5,0.51725
0.323422,1.292,1.5,0.51492
0.310821,1.292,1.5,0.507583
0.299962,1.292,1.5,0.504105
0.214761,1.292,1.5,0.40177
0.220334,1.292,1.5,0.374954
0.223528,1.292,1.5,0.354796
0.223364,1.292,1.5,0.343342
0.221292,1.292,1.5,0.332555
0.21831,1.292,1.5,0.322308
0.215216,1.292,1.5,0.312038
0.211485,1.292,1.5,0.302682
0.208284,1.292,1.5,0.294375
0.20606,1.292,1.5,0.286556
0.193159,1.292,1.5,0.211412
0.200764,1.292,1.5,0.208811
0.208414,1.292,1.5,0.205273
0.214545,1.292,1.5,0.199149
0.231081,1.292,1.5,0.19301
0.263079,1.292,1.5,0.187024
0.285469,1.292,1.5,0.181241
0.296582,1.292,1.5,0.176637
0.303637,1.292,1.5,0.17239
0.308932,1.292,1.5,0.169067
0.363142,1.292,1.5,0.146477
0.314495,1.292,1.5,0.151186
0.29507,1.292,1.5,0.156703
0.2932,1.292,1.5,0.16356
0.291325,1.292,1.5,0.17142
0.283402,1.292,1.5,0.179483
0.281214,1.292,1.5,0.186051
0.281449,1.292,1.5,0.190608
0.278865,1.292,1.5,0.194723
0.276247,1.28,1.27,0.198126
0.263988,1.28,1.27,0.227781
0.262474,1.28,1.27,0.227389
0.256711,1.28,1.27,0.227238
0.245415,1.28,1.27,0.226444
0.236691,1.28,1.27,0.225252
0.231853,1.28,1.27,0.223225
0.231839,1.28,1.27,0.220202
0.231984,1.28,1.27,0.216393
0.233744,1.28,1.27,0.212282
0.232942,1.28,1.27,0.208515
0.204551,1.28,1.27,0.17368
0.197365,1.28,1.27,0.173697
0.191735,1.28,1.27,0.173533
0.188254,1.28,1.27,0.174055
0.186516,1.28,1.27,0.175954
0.185089,1.28,1.27,0.179453
0.184556,1.28,1.27,0.184874
0.185517,1.28,1.27,0.189319
0.192309,1.28,1.27,0.192844
0.195648,1.28,1.27,0.194899
0.19628,1.28,1.27,0.203836
0.196447,1.28,1.27,0.207725
0.198177,1.28,1.27,0.212948
0.201531,1.28,1.27,0.21653
0.2017,1.28,1.27,0.218965
0.202297,1.28,1.27,0.222157
0.206865,1.28,1.27,0.22596
0.207922,1.28,1.27,0.229628
0.212415,1.28,1.27,0.23317
0.216518,1.28,1.27,0.235412
0.217167,1.28,1.27,0.255213
0.208518,1.28,1.27,0.256578
0.199318,1.28,1.27,0.258266
0.191684,1.28,1.27,0.260653
0.189367,1.28,1.27,0.264538
0.189438,1.28,1.27,0.270307
0.189744,1.28,1.27,0.27081
0.190755,1.28,1.27,0.270771
0.190888,1.28,1.27,0.270269
0.190356,1.28,1.27,0.269252
0.181289,1.28,1.27,0.253109
0.174993,1.28,1.27,0.250959
0.175843,1.28,1.27,0.248271
0.17664,1.28,1.27,0.24485
0.172482,1.28,1.27,0.242166
0.169161,1.28,1.27,0.240019
0.166816,1.28,1.27,0.237561
0.164979,1.28,1.27,0.234767
0.163397,1.28,1.27,0.231842
0.162252,1.28,1.27,0.228896
0.152437,1.28,1.27,0.202314
0.15153,1.28,1.27,0.202289
0.148585,1.28,1.27,0.201503
0.145145,1.28,1.27,0.200459
0.142838,1.28,1.27,0.198347
0.141331,1.28,1.27,0.195666
0.139531,1.28,1.27,0.192773
0.137821,1.28,1.27,0.190178
0.136555,1.28,1.27,0.187448
0.136075,1.264,0.57,0.184854
0.127105,1.264,0.57,0.163156
0.125271,1.264,0.57,0.15934
0.124219,1.264,0.57,0.155287
0.122988,1.264,0.57,0.15106
0.121377,1.264,0.57,0.146741
0.120363,1.264,0.57,0.142946
0.11992,1.264,0.57,0.139931
0.119822,1.264,0.57,0.137244
0.119091,1.264,0.57,0.135354
0.118434,1.264,0.57,0.13429
0.107732,1.264,0.57,0.130532
0.104738,1.264,0.57,0.13289
0.104164,1.264,0.57,0.135336
0.104684,1.264,0.57,0.137679
0.106246,1.264,0.57,0.139437
0.108006,1.264,0.57,0.140315
0.10847,1.264,0.57,0.140597
0.108149,1.264,0.57,0.140627
0.108282,1.264,0.57,0.140418
0.108279,1.264,0.57,0.139949
0.105221,1.264,0.57,0.132994
0.106139,1.264,0.57,0.131707
0.108092,1.264,0.57,0.129956
0.111456,1.264,0.57,0.128181
0.114697,1.264,0.57,0.126346
0.117319,1.264,0.57,0.12478
0.119332,1.264,0.57,0.123391
0.121221,1.264,0.57,0.122586
0.122895,1.264,0.57,0.121899
0.124516,1.264,0.57,0.120874
0.139266,1.264,0.57,0.109008
0.136405,1.264,0.57,0.107592
0.133855,1.264,0.57,0.106284
0.132328,1.264,0.57,0.104607
0.132447,1.264,0.57,0.103062
0.131983,1.264,0.57,0.101606
0.130745,1.264,0.57,0.100351
0.129546,1.264,0.57,0.099356
0.128701,1.264,0.57,0.098725
0.128018,1.264,0.57,0.098397
0.123861,1.264,0.57,0.096181
0.124522,1.264,0.57,0.096394
0.125095,1.264,0.57,0.096679
0.124292,1.264,0.57,0.096881
0.122271,1.264,0.57,0.096939
0.119697,1.264,0.57,0.096816
0.117666,1.264,0.57,0.096646
0.116123,1.264,0.57,0.096398
0.114771,1.264,0.57,0.095985
0.113617,1.264,0.57,0.095567
0.100603,1.264,0.57,0.090571
0.099112,1.264,0.57,0.089727
0.097301,1.264,0.57,0.088766
0.095779,1.264,0.57,0.087791
0.09445,1.264,0.57,0.086627
0.093306,1.264,0.57,0.08541
0.092259,1.264,0.57,0.084162
0.091196,1.264,0.57,0.082887
0.090139,1.264,0.57,0.08141
0.089043,1.236,0.35,0.079825
0.077345,1.236,0.35,0.058754
0.076127,1.236,0.35,0.056739
0.074855,1.236,0.35,0.055438
0.073814,1.236,0.35,0.054566
0.072691,1.236,0.35,0.054255
0.071474,1.236,0.35,0.054301
0.070386,1.236,0.35,0.054677
0.069266,1.236,0.35,0.055096
0.068178,1.236,0.35,0.055536
0.06712,1.236,0.35,0.055871
0.056284,1.236,0.35,0.058986
0.055996,1.236,0.35,0.059141
0.055672,1.236,0.35,0.058909
0.055227,1.236,0.35,0.058549
0.054744,1.236,0.35,0.05813
0.054248,1.236,0.35,0.05783
0.053734,1.236,0.35,0.057452
0.053225,1.236,0.35,0.057112
0.052751,1.236,0.35,0.056718
0.052295,1.236,0.35,0.056293
0.04805,1.236,0.35,0.051754
0.047561,1.236,0.35,0.051368
0.047263,1.236,0.35,0.050743
0.046844,1.236,0.35,0.050129
0.046499,1.236,0.35,0.049352
0.046068,1.236,0.35,0.04838
0.04575,1.236,0.35,0.047498
0.045342,1.236,0.35,0.046712
0.044843,1.236,0.35,0.04607
